{
  "279C7017-A3A3-467C-968A-8F50344FC095" : {
    "cameraTransform" : [
      0.40808779001235962,
      0,
      -0.91294258832931519,
      0,
      -0.20016765594482422,
      0.97566747665405273,
      -0.089475587010383606,
      0,
      0.89072829484939575,
      0.21925552189350128,
      0.39815807342529297,
      0,
      8.5890226364135742,
      1.9554352760314941,
      2.0048525333404541,
      1
    ],
    "objectMetadataList" : [
      [
        "279C7017-A3A3-467C-968A-8F50344FC095",
        "Root",
        "untitled",
        "Material"
      ],
      {
        "isExpanded" : true,
        "isLocked" : false
      },
      [
        "279C7017-A3A3-467C-968A-8F50344FC095",
        "Root",
        "untitled2"
      ],
      {
        "isExpanded" : true,
        "isLocked" : false
      },
      [
        "279C7017-A3A3-467C-968A-8F50344FC095",
        "Root",
        "untitled",
        "______"
      ],
      {
        "isExpanded" : true,
        "isLocked" : false
      },
      [
        "279C7017-A3A3-467C-968A-8F50344FC095",
        "Root"
      ],
      {
        "isExpanded" : true,
        "isLocked" : false
      },
      [
        "279C7017-A3A3-467C-968A-8F50344FC095",
        "Root",
        "Material"
      ],
      {
        "isExpanded" : true,
        "isLocked" : false
      }
    ]
  },
  "362EE892-8B9F-4134-9EB7-165D27806178" : {
    "cameraTransform" : [
      0.14548292756080627,
      0,
      -0.9893607497215271,
      0,
      -0.07502109557390213,
      0.99712079763412476,
      -0.011031655594706535,
      0,
      0.98651218414306641,
      0.075827881693840027,
      0.1450640857219696,
      0,
      6.4252595901489258,
      0.49387463927268982,
      0.94481879472732544,
      1
    ],
    "objectMetadataList" : [
      [
        "362EE892-8B9F-4134-9EB7-165D27806178",
        "Root",
        "torus",
        "Material_Compose"
      ],
      {
        "isExpanded" : true,
        "isLocked" : false
      },
      [
        "362EE892-8B9F-4134-9EB7-165D27806178",
        "Root",
        "torus",
        "Material_Compose",
        "CenterLine"
      ],
      {
        "isExpanded" : true,
        "isLocked" : false
      },
      [
        "362EE892-8B9F-4134-9EB7-165D27806178",
        "Root",
        "torus"
      ],
      {
        "isExpanded" : true,
        "isLocked" : false
      },
      [
        "362EE892-8B9F-4134-9EB7-165D27806178",
        "Root"
      ],
      {
        "isExpanded" : true,
        "isLocked" : false
      },
      [
        "362EE892-8B9F-4134-9EB7-165D27806178",
        "Root",
        "torus",
        "Material"
      ],
      {
        "isExpanded" : true,
        "isLocked" : false
      }
    ]
  }
}